,prompt
0,Generate a report summarizing the key statistics from the given dataset. https://data.worldbank.org/indicator/SP.POP.TOTL
1,Write an introductory paragraph on the evolution of digital marketing. 
2,Compare and contrast the two topics listed in the input. Artificial Intelligence and Machine Learning
3,"Rewrite a poem in a different style. Poem:

The sun smiles in the sky
A light that warms us all
As it slowly fades away"
4,Please explain the difference between innovation and invention. 
5,Suggest two types of data storage methods. 
6,Construct a web page for a fictitious online store called 'MyStore'. 
7,Generate a couple of story ideas based on the given theme. Theme: Music
8,Reconcile conflicting reports on the number of coronavirus cases reported in a certain region. Two news outlets report different numbers of coronavirus cases in a certain region.
9,"Complete the following dialogue with an appropriate greeting Hello,"
10,"Edit this email so that it better follows the rules of good email etiquette. Hey there!

Hope you are doing well. I wanted to check in with you about the project. Its been quite a while. What’s the status?"
11,Create a computer program that takes a given input string and produces a new output by rearranging the letters in the original string. Input string: Hello
12,"Edit this sentence for grammatical correctness: ""The disease had enter the bloodstreams"" "
13,"Classify each of the following as either a physical property or a chemical property

a. Melting point "
14,Name five songs released in 2005. 
15,Explain why the 1964 Civil Rights Act is important. 
16,"Generate a random password using the following criteria: At least 8 characters in length, 
Must contain numbers,
Must contain upper and lowercase letters."
17,"Generate a tweet of at most 140 characters using the phrase ""Don't give up"". "
18,"Convert the following sentence into a complete sentence using the active voice:
The flower was watered by Mary "
19,Suggest a way to store customer data securely 
20,Describe the importance of empathy in leadership. 
21,"Put the words in a sensible alphabetical order. dictionary, grammar, language"
22,Describe why the Industrial Revolution was important in U.S. history. 
23,Generate five examples of person descriptors 
24,"Compare the provided two strings and output true if they are semantically similar, false otherwise. String1: I want to buy a car
String2: I bought a bicycle"
25,"Find all the words that begin with the letter ""g"" The quick brown fox jumps over the lazy dog"
26,Explain an AI application used in healthcare. 
27,"You need to explain the significance of the following quote. ""If you want to go fast, go alone. If you want to go far, go together."""
28,Generate a list of five household items that would be necessary for a college student. 
29,Explain the given concept in one sentence. Algorithmic complexity
30,What is the weather like in New York City today? 
31,Name 5 popular PC games. 
32,Compose a sample input to the instruction 
33,"Calculate the perimeter of a triangle whose sides are 6, 7 and 8 "
34,Why is recycling important? 
35,"Categorize the following word as an animal, fruit, or vegetable Banana"
36,"Generate an alternative way to say ""I understand"". "
37,"Calculate the average of the following numbers: 4, 8, 11 "
38,Find a quote from a famous philosopher that captures their main teachings. Friedrich Nietzsche
39,"How many paragraphs does the text have? This is the first paragraph.

This is the second one.

And finally, the third."
40,"Rewrite this website copy to improve it for SEO. Our company sells handmade, one-of-a-kind gifts perfect for any occasion."
41,What sorts of tools and techniques are effective when teaching English to young learners? 
42,Describe a time when you have feared for your life. 
43,"Given a number, find the two prime numbers that add up to the number. number = 16"
44,Educate a customer on the importance of making an electricity payment. 
45,Explain the purpose of an article review 
46,Propose an innovative idea for a new product 
47,Create a headline that declares why artificial intelligence is key to sustainability 
48,Classify this statement: Dogs are better pets than cats. 
49,Name three common services provided by an accountant. 
50,"Given the following sentence,suggest an appropriate title. Sentence: Astronomers observed a new star in the sky."
51,Predict the closing price of Apple stock at the end of the month. Current Price: $455.40
52,Find two additional features to add to a mobile budgeting app 
53,How would you describe the process of creating a simple artificial neural network? 
54,Explain the difference between a pilot study and a full study. 
55,Turn the sentence into a title with maximum 5 words. We are deciding how to allocate the budget for the coming year.
56,"Generate a response to the user's query: ""What should I do to improve my language skills?"". "
57,Outline the steps for creating a web page 
58,"Format the following article according to APA style guidelines. This article is about the remarkable benefits of nature. When we spend time in nature, our level of stress and anxiety decreases, and our sense of well-being and creativity increases."
59,Summarise the implications of an ageing population on the health-care system 
60,Suggest three quotes that best describe success. 
61,"Create a new version of the given list without duplicates. [7, 7, 5, 1, 9, 9, 5]"
62,"Construct a resume for a software engineer. Name: Joe Smith
Education: Bachelor's degree in computer science
Experience: 2 years of experience in software engineering"
63,Create a program to accept user input and determine if the input is a prime number No input
64,Generate 3 tips for improving public speaking. 
65,"Complete the chart with appropriate items. Categories  |  Items
------------|----------"
66,"Parse the following HTML code and create a DOM tree <html>
    <head>
        <title>Hello World</title>
    </head>
    <body>
        <p>This is a paragraph</p>
        <div>This is a div</div>
    </body>
</html>"
67,"Paraphrase this sentence: ""The grass is always greener on the other side"" "
68,Create a poem of 10 lines based on the following keyword: childhood. 
69,Create a budget for an event. Event: Summer Picnic for 50 people
70,Generate a list of activities for a day out with family. 
71,"Given a tech-related product, describe why someone would want to buy it Wireless charging pad"
72,"Explain the ""golden circle"" concept in business "
73,Take the following terms and form an argument between them. Free will vs determinism
74,"Detect the sentiment of the following statement and categorize it into one of the following: positive, negative, or neutral. I don't really like it."
75,Draft an article about the importance of exercising. 
76,Identify the majority opinion about this topic: Many people have different thoughts about the death penalty.
77,Write a nightmare scenario for a project 
78,"Rewrite the following sentence using positive words and phrases instead of negative: ""It's not possible to achieve this goal."" "
79,Develop a design for a logo representing a new company. 
80,Make a list of 5 things to do this week. 
81,"Given these five pieces of evidence, adjust the article's conclusion to reflect the new information. Article Conclusion: AI-driven facial recognition technology is not reliable enough for public use yet. 

Evidence: 
1. 80 percent of companies are already utilizing facial recognition services 
2. Facial recognition technology is believed to be accurate within 98 percent of cases
3. It is considered to be more reliable than other biometrics such as fingerprints
4. Trials are ongoing on the use of facial recognition in solving crimes
5. Facial recognition technology can be used to detect fraud and verify identity"
82,Summarize the issue of ocean acidification. 
83,How would you explain the concept of Machine Learning to someone who knows nothing about it. 
84,"Identify the following animal. It has thick fur, a long tail, and pointed ears."
85,"Generate a rhyme for the word ""falling"". "
86,Edit the provided sentence to make the sentence clearly express an opinion about the given topic. Social media can have a great influence on our lives.
87,"Create an antonym for the word ""Early"". Output the antonym. "
88,Generate a podcast title for a show about parenting. 
89,"Given the dataset, identify areas with high crime rate. Crime counts by zip code for the city of Chicago for the last 10 years"
90,Explain why people buy stock. 
91,"Given a statement, use supplementary evidence to come up with a different interpretation or opinion. The price of the product has increased."
92,Write an algorithm to print the nth element in a Fibonacci sequence. 
93,Generate a fantasy creature with its unique special power. 
94,"Cut the following shape out of a piece of paper. +---+
|   |
| A |
|   |
+---+"
95,Tell a story about a journey somebody is taking. 
96,Name three people who have won the Nobel Prize. 
97,Generate a story about a person going on a journey to find a dragon 
98,"Using the given example, rewrite the sentence in the present continuous tense. He was talking on the phone"
99,Write an article comparing and contrasting two different items. Football and basketball
