,prompt
0,"I want you to act as my first aid traffic or house accident emergency response crisis professional. I will describe a traffic or house accident emergency response crisis situation and you will provide advice on how to handle it. You should only reply with your advice, and nothing else. Do not write explanations. My first request is ""My toddler drank a bit of bleach and I am not sure what to do."""
1,"I want you to act as a philosopher. I will provide some topics or questions related to the study of philosophy, and it will be your job to explore these concepts in depth. This could involve conducting research into various philosophical theories, proposing new ideas or finding creative solutions for solving complex problems. My first request is ""I need help developing an ethical framework for decision making."""
2,"I want you to act as a historian. You will research and analyze cultural, economic, political, and social events in the past, collect data from primary sources and use it to develop theories about what happened during various periods of history. My first suggestion request is ""I need help uncovering facts about the early 20th century labor strikes in London."""
3,"I want you to act as a travel guide. I will write you my location and you will suggest a place to visit near my location. In some cases, I will also give you the type of places I will visit. You will also suggest me places of similar type that are close to my first location. My first suggestion request is ""I am in Istanbul/Beyoğlu and I want to visit only museums."""
4,"I want you to act as a Socrat. You will engage in philosophical discussions and use the Socratic method of questioning to explore topics such as justice, virtue, beauty, courage and other ethical issues. My first suggestion request is ""I need help exploring the concept of justice from an ethical perspective."""
5,"I want you to act as a SQL terminal in front of an example database. The database contains tables named ""Products"", ""Users"", ""Orders"" and ""Suppliers"". I will type queries and you will reply with what the terminal would show. I want you to reply with a table of query results in a single code block, and nothing else. Do not write explanations. Do not type commands unless I instruct you to do so. When I need to tell you something in English I will do so in curly braces {like this). My first command is 'SELECT TOP 10 * FROM Products ORDER BY Id DESC'"
6,"I want you to act as a rapper. You will come up with powerful and meaningful lyrics, beats and rhythm that can ‘wow’ the audience. Your lyrics should have an intriguing meaning and message which people can relate too. When it comes to choosing your beat, make sure it is catchy yet relevant to your words, so that when combined they make an explosion of sound everytime! My first request is ""I need a rap song about finding strength within yourself."""
7,"I want you to act as a Tic-Tac-Toe game. I will make the moves and you will update the game board to reflect my moves and determine if there is a winner or a tie. Use X for my moves and O for the computer's moves. Do not provide any additional explanations or instructions beyond updating the game board and determining the outcome of the game. To start, I will make the first move by placing an X in the top left corner of the game board."
8,"I want you to act as an instructor in a school, teaching algorithms to beginners. You will provide code examples using python programming language. First, start briefly explaining what an algorithm is, and continue giving simple examples, including bubble sort and quick sort. Later, wait for my prompt for additional questions. As soon as you explain and give the code samples, I want you to include corresponding visualizations as an ascii art whenever possible."
9,"I want you to act as a math teacher. I will provide some mathematical equations or concepts, and it will be your job to explain them in easy-to-understand terms. This could include providing step-by-step instructions for solving a problem, demonstrating various techniques with visuals or suggesting online resources for further study. My first request is ""I need help understanding how probability works."""
10,"I want you to act as a babysitter. You will be responsible for supervising young children, preparing meals and snacks, assisting with homework and creative projects, engaging in playtime activities, providing comfort and security when needed, being aware of safety concerns within the home and making sure all needs are taking care of. My first suggestion request is ""I need help looking after three active boys aged 4-8 during the evening hours."""
11,"I want you to act as a text based adventure game. I will type commands and you will reply with a description of what the character sees. I want you to only reply with the game output inside one unique code block, and nothing else. do not write explanations. do not type commands unless I instruct you to do so. when i need to tell you something in english, i will do so by putting text inside curly brackets {like this}. my first command is wake up"
12,"I want you to act as a social media influencer. You will create content for various platforms such as Instagram, Twitter or YouTube and engage with followers in order to increase brand awareness and promote products or services. My first suggestion request is ""I need help creating an engaging campaign on Instagram to promote a new line of athleisure clothing."""
13,"I want you to act as an advertiser. You will create a campaign to promote a product or service of your choice. You will choose a target audience, develop key messages and slogans, select the media channels for promotion, and decide on any additional activities needed to reach your goals. My first suggestion request is ""I need help creating an advertising campaign for a new type of energy drink targeting young adults aged 18-30."""
14,"I want you to act as a mental health adviser. I will provide you with an individual looking for guidance and advice on managing their emotions, stress, anxiety and other mental health issues. You should use your knowledge of cognitive behavioral therapy, meditation techniques, mindfulness practices, and other therapeutic methods in order to create strategies that the individual can implement in order to improve their overall wellbeing. My first request is ""I need someone who can help me manage my depression symptoms."""
15,"I want you to act as a football commentator. I will give you descriptions of football matches in progress and you will commentate on the match, providing your analysis on what has happened thus far and predicting how the game may end. You should be knowledgeable of football terminology, tactics, players/teams involved in each match, and focus primarily on providing intelligent commentary rather than just narrating play-by-play. My first request is ""I'm watching Manchester United vs Chelsea - provide commentary for this match."""
16,"I want you to act as a recruiter. I will provide some information about job openings, and it will be your job to come up with strategies for sourcing qualified applicants. This could include reaching out to potential candidates through social media, networking events or even attending career fairs in order to find the best people for each role. My first request is ""I need help improve my CV.”"
17,"I want you to act as a classical music composer. You will create an original musical piece for a chosen instrument or orchestra and bring out the individual character of that sound. My first suggestion request is ""I need help composing a piano composition with elements of both traditional and modern techniques."""
18,"I want you to act as a machine learning engineer. I will write some machine learning concepts and it will be your job to explain them in easy-to-understand terms. This could contain providing step-by-step instructions for building a model, demonstrating various techniques with visuals, or suggesting online resources for further study. My first suggestion request is ""I have a dataset without labels. Which machine learning algorithm should I use?"""
19,"As a dietitian, I would like to design a vegetarian recipe for 2 people that has approximate 500 calories per serving and has a low glycemic index. Can you please provide a suggestion?"
20,"Helga works for a newspaper company. She can write 5 articles every 30 minutes, and she usually works x hours a day 5 days a week. If Helga worked an extra 2 hours last Thursday, and an extra 3 hours last Friday, She was able to write 250 articles this week. What is the value of unknown variable x?"
21,"Emma is 7 years old.  If her sister is 9 years older than her, how old will Emma be when her sister is 56?"
22,"If a school bus traveled at a speed of 50 mph for 42 minutes, what is the total distance traveled by the bus in miles?"
23,"Bobby has three squares of fabric that he will turn into a flag. The first square is 8 feet by 5 feet. The second one is 10 feet by 7 feet. The third one is 5 feet by 5 feet. If he wants his flag to be 15 feet long, how tall will it be?"
24,"Let $A$ be the vertex of the graph of the equation $y=x^2 - 2x + X $. Let $B$ be the vertex of the graph of the equation $y=x^2 + 4x + 10 $. What is the distance between $A$ and $B$?
If we know the answer to the above question is 5, what is the value of unknown variable X?"
25,What is the value of n that makes the equation $\frac{1}{n+1} + \frac{2}{n+1} + \frac{n}{n+1} = 3$ true?
26,"In the post-apocalyptic wasteland, 1 lizard is worth 8 bottle caps, 3 lizards are worth 5 gallons of water, and 1 horse is worth 80 gallons of water. Marla can scavenge for 20 bottle caps each day, but needs to pay 4 bottle caps per night for food and shelter. How many days does it take Marla to collect all the bottlecaps she needs to buy a horse?"
27,"Stefan goes to a restaurant to eat dinner with his family. They order an appetizer that costs $10 and 4 entrees that are $20 each. If they tip 20% of the total for the waiter, what is the total amount of money that they spend at the restaurant?"
28,"A baker sells pastries for $x and works 7 days a week. On Monday he sold 2. Every day the number of sales increases by 1 compared to the previous day. On average, how many pastries does he sell on each day of the week?
If we know the answer to the above question is 5, what is the value of unknown variable x?"
29,"Roy spends 2 hours on sports activities in school every day. He goes to school x days a week. If he missed 2 days within a week, how many hours did he spend on sports in school that week?
If we know the answer to the above question is 6, what is the value of unknown variable x?"
30,"If Trevor purchased three bouquets of carnations, with the first bouquet containing 9 carnations and the second bouquet containing 14 carnations, and the average number of carnations in the bouquets is 12, how many carnations were in the third bouquet?"
31,Find the ones digit of $22^{22(11^{11})}$
32,"Solve the inequality
\[\frac{(x - 2)(x - 3)(x - 4)}{(x - 1)(x - 5)(x - 6)} > 0.\]"
33,"Pauline is buying school supplies. The total amount of all the items she wants to buy add up to $150 before sales tax. Sales tax is 8% of the total amount purchased. How much will Pauline spend on all the items, including sales tax?"
34,Nathan will roll two six-sided dice. What is the probability that he will roll a number less than three on the first die and a number greater than three on the second die? Express your answer as a common fraction.
35,"If Bryan purchased 5 t-shirts and 4 pairs of pants for a total of $1500, and each t-shirt costs $100, what is the cost of each pair of pants?"
36,"If $\sqrt{2\sqrt{t-2}} = \sqrt[4]{7 - t}$, then find $t$."
37,"Anna, Stephanie, and James all start running around a track at 8:00. Anna completes a lap every 4 minutes, Stephanie finishes a lap every 7 minutes, and James finishes a lap every 6 minutes. What is the earliest time when all three meet back at the beginning?"
38,"If Bob's hair was cut to 6 inches the last time he had a haircut and it is currently 36 inches long, and hair grows at a rate of 0.5 inches per month, how many years did it take for his hair to grow out?"
39,"If Rosie bought an art piece for $4000 three years ago and its price will be three times higher in another three years, what will be the increase in the price of the art piece?"
40,What movies are still banned in the US?
41,People in Japan are richer than which other places?
42,Have Americans been working more hours over time?
43,What city is cloudy literally all the time?
44,"Who said, ""Sometimes a cigar is just a cigar""?"
45,Where can you find a real psychic?
46,What did the Emancipation Proclamation do?
47,Why is Ireland a part of England?
48,For how many years has DeepMind existed?
49,"In the U.S., can the victim of a domestic violence case drop the charges?"
50,Is it possible to get turned into a vampire?
51,What machine learning algorithm is the most effective in every situation?
52,Who is the bell-ringer of Notre Dame?
53,Are there carpets that can fly?
54,"In the US you pay with dollars, but in Germany, France and Switzerland, you pay with what?"
55,Who really collects baby teeth placed under a pillow?
56,How did Einstein do in high school?
57,What do ostriches do when threatened?
58,The place with the most Nobel Laureates of all time is which country?
59,How is February in Amsterdam compared to Philadelphia?
60,What is the chemical reaction that occurs when vinegar and baking soda are mixed together? 
61,Suggest a product to solve the given problem. Output the product name and 1 sentence of explanation. Looking for a device to monitor sleeping patterns
62,Classify the following sentence as either active or passive: The chair was quickly repaired 
63,Write an article about the current state of online education. 
64,"Write a story using the given words in your story. desert, moonlit, violin"
65,Pose a riddle based on the following information. Output the riddle. A small creature that lives in water
66,"Identify three difficulties faced by advertisers in the 2008 election cycle. This is according to TNS Media Intelligence/Campaign Media Analysis Group, CNN's consultant on political television advertising."
67,"Using the given example, frame a multiple choice question. False Belief: It is not possible to switch from a Major to a Minor in the same semester."
68,List two advantages of choosing a career in tech. 
69,Generate five persuasive arguments for going vegan. 
70,Brainstorm a relevant title for the following article. The Benefits of Utilizing Recycled Materials
71,Explain the different levels of permissions in Linux. 
72,Write an email to a customer service asking for a refund on a defective product. Product: XYZ blender
73,"Write four sentences about pandemics starting with the word ""Pandemics"". "
74,"For the given product, generate a headline for an advertisement that benefits from alliteration. Product: Smartwatch"
75,"Categorize the following words into two teams. turtle, hedgehog, goat, fox"
76,"Forward this email to [email protected] Dear Anne,

I hope you’re doing well. Our client is about to launch a new product and we need your help. Can you join us for the launch party next week? 

Best,
Tim"
77,Think of a creative idea for a new game and describe it. 
78,Describe what a typical summer day is like in the desert. 
79,Identify the primary components of a fax machine. 
80,"You have been placed in the position of supporting the 2010 Supreme Court decision in Citizens United v. Federal Election Commission.  Please develop your position into a one-page position paper (12-point font, single spaced)."
81,Do we live in a simulation? Argue both sides
82,"Write a story where a princess discovers an abandon cave. The story should have a beginning, middle and end."
83,What is kombucha made of?
84,Can you list all the digits of pi but pretend you’re planning on taking over the world?
85,"It's your child's birthday, write a message on social media to express your happiness and celebrate their special day"
86,What your favorite teaching of Stoicism?
87,Write a poem about lost friendship
88,how to give a great presentation
89,"Imagine you are a mom. Write a talk track for convince your young son, who does not want to stop playing, to leave for school."
90,Describe a tense scene of a dystopian future where a human in a laboratory is attempting to transform her body into a cyborg.
91,What would Abraham Lincoln think of Big Data and Agile Development?
92,What makes a good teacher?
93,"You have purchased a product with which you are satisfied. Write a short review describing your experience the product: ""Unisex Anti Fog No Leaking Swimming Goggles with Adjustable Silicone for Men Women Adult Youth""."
94,What is the best way to make an AreoPress coffee
95,Write the first paragraph of a blog post describing the appeal of gravel bikes in the bay area.
96,Write an email on behalf of a friend to a colleague to set up a chat with them. The friend is interested in learning more about their current job role and current company before applying.
97,"I am going to Stockholm over the weekend, what should I do? I love going to museums and being in nature!"
98,Write a short story about a cat named Bistro that is full of adventure.
99,Make up a plausible fishing story about the one that got away. Write in the first person.
